year,n,n_male,p_male,n_male_fertile,n_female_fertile,p_fertile,n_pairs,p_pair,birth_rate,m_children,sd_children,m_children_over_40,sd_children_over_40,m_energy,sd_energy,min_energy,max_energy,m_energy_male,sd_energy_male,m_energy_female,sd_energy_female,m_age,sd_age,m_age_over_5,sd_age_over_5,p_age_0-5,p_age_5-10,p_age_10-15,p_age_15-20,p_age_20-25,p_age_25-30,p_age_30-35,p_age_35-40,p_age_40-45,p_age_45-50,p_age_50-55,p_age_55-60,p_age_60-65,p_age_65-70,p_age_70-75,p_age_75-80,p_age_80-100,m_culture,sd_culture,pdf_culture_0-33,pdf_culture_33-67,pdf_culture_67-100,pdf_culture_100-133,pdf_culture_133-167,pdf_culture_167-200,pdf_culture_200-233,pdf_culture_233-267,pdf_culture_267-300,pdf_culture_300-333,pdf_culture_333-367,pdf_culture_367-400,pdf_culture_400-433,pdf_culture_433-467,pdf_culture_467-500,pdf_culture_500-533,pdf_culture_533-567,pdf_culture_567-600,pdf_culture_600-633,pdf_culture_633-667,pdf_culture_667-700,pdf_culture_700-733,pdf_culture_733-767,pdf_culture_767-800,pdf_culture_800-833,pdf_culture_833-867,pdf_culture_867-900,pdf_culture_900-933,pdf_culture_933-967,pdf_culture_967-1000,m_children_culture_over_750,sd_children_culture_over_750,m_children_culture_under_750,sd_children_culture_under_750,ratio_children_culture_under-over_750,m_children_culture_over_median,sd_children_culture_over_median,m_children_culture_under_median,sd_children_culture_under_median,ratio_children_culture_under-over_median,m_pheno,sd_pheno,pdf_pheno_0-33,pdf_pheno_33-67,pdf_pheno_67-100,pdf_pheno_100-133,pdf_pheno_133-167,pdf_pheno_167-200,pdf_pheno_200-233,pdf_pheno_233-267,pdf_pheno_267-300,pdf_pheno_300-333,pdf_pheno_333-367,pdf_pheno_367-400,pdf_pheno_400-433,pdf_pheno_433-467,pdf_pheno_467-500,pdf_pheno_500-533,pdf_pheno_533-567,pdf_pheno_567-600,pdf_pheno_600-633,pdf_pheno_633-667,pdf_pheno_667-700,pdf_pheno_700-733,pdf_pheno_733-767,pdf_pheno_767-800,pdf_pheno_800-833,pdf_pheno_833-867,pdf_pheno_867-900,pdf_pheno_900-933,pdf_pheno_933-967,pdf_pheno_967-1000,m_children_pheno_over_750,sd_children_pheno_over_750,m_children_pheno_under_750,sd_children_pheno_under_750,ratio_children_pheno_under-over,m_geno,sd_geno,p_geno_0,p_geno_1,p_geno_2,p_geno_3,p_geno_4,p_geno_5,p_geno_6,p_geno_7,p_geno_8,p_geno_9,p_geno_10,p_geno_11,p_geno_12,p_geno_13,p_geno_14,p_geno_15,p_geno_16,p_geno_17,p_geno_18,p_geno_19,p_geno_20,p_geno_21,p_geno_22,p_geno_23,p_geno_24,p_geno_25,p_geno_26,p_geno_27,p_geno_28,p_geno_29,p_geno_30,p_geno_31,p_geno_32,p_geno_33,p_geno_34,p_geno_35,p_geno_36,p_geno_37,p_geno_38,p_geno_39,p_geno_40,p_geno_41,p_geno_42,p_geno_43,p_geno_44,p_geno_45,p_geno_46,p_geno_47,p_geno_48,p_geno_49,p_geno_50,p_geno_51,p_geno_52,p_geno_53,p_geno_54,p_geno_55,p_geno_56,p_geno_57,p_geno_58,p_geno_59,p_geno_60,p_geno_61,p_geno_62,p_geno_63,p_geno_64,p_geno_65,p_geno_66,p_geno_67,p_geno_68,p_geno_69,p_geno_70,p_geno_71,p_geno_72,p_geno_73,p_geno_74,p_geno_75,p_geno_76,p_geno_77,p_geno_78,p_geno_79,p_geno_80,p_geno_81,p_geno_82,p_geno_83,p_geno_84,p_geno_85,p_geno_86,p_geno_87,p_geno_88,p_geno_89,p_geno_90,p_geno_91,p_geno_92,p_geno_93,p_geno_94,p_geno_95,p_geno_96,p_geno_97,p_geno_98,p_geno_99,p_geno_100,m_children_geno_over_750,sd_children_geno_over_750,m_children_geno_under_750,sd_children_geno_under_750,ratio_children_geno_under-over,male_m_culture,male_sd_culture,male_pdf_culture_0-33,male_pdf_culture_33-67,male_pdf_culture_67-100,male_pdf_culture_100-133,male_pdf_culture_133-167,male_pdf_culture_167-200,male_pdf_culture_200-233,male_pdf_culture_233-267,male_pdf_culture_267-300,male_pdf_culture_300-333,male_pdf_culture_333-367,male_pdf_culture_367-400,male_pdf_culture_400-433,male_pdf_culture_433-467,male_pdf_culture_467-500,male_pdf_culture_500-533,male_pdf_culture_533-567,male_pdf_culture_567-600,male_pdf_culture_600-633,male_pdf_culture_633-667,male_pdf_culture_667-700,male_pdf_culture_700-733,male_pdf_culture_733-767,male_pdf_culture_767-800,male_pdf_culture_800-833,male_pdf_culture_833-867,male_pdf_culture_867-900,male_pdf_culture_900-933,male_pdf_culture_933-967,male_pdf_culture_967-1000,female_m_culture,female_sd_culture,female_pdf_culture_0-33,female_pdf_culture_33-67,female_pdf_culture_67-100,female_pdf_culture_100-133,female_pdf_culture_133-167,female_pdf_culture_167-200,female_pdf_culture_200-233,female_pdf_culture_233-267,female_pdf_culture_267-300,female_pdf_culture_300-333,female_pdf_culture_333-367,female_pdf_culture_367-400,female_pdf_culture_400-433,female_pdf_culture_433-467,female_pdf_culture_467-500,female_pdf_culture_500-533,female_pdf_culture_533-567,female_pdf_culture_567-600,female_pdf_culture_600-633,female_pdf_culture_633-667,female_pdf_culture_667-700,female_pdf_culture_700-733,female_pdf_culture_733-767,female_pdf_culture_767-800,female_pdf_culture_800-833,female_pdf_culture_833-867,female_pdf_culture_867-900,female_pdf_culture_900-933,female_pdf_culture_933-967,female_pdf_culture_967-1000,male_m_pheno,male_sd_pheno,male_pdf_pheno_0-33,male_pdf_pheno_33-67,male_pdf_pheno_67-100,male_pdf_pheno_100-133,male_pdf_pheno_133-167,male_pdf_pheno_167-200,male_pdf_pheno_200-233,male_pdf_pheno_233-267,male_pdf_pheno_267-300,male_pdf_pheno_300-333,male_pdf_pheno_333-367,male_pdf_pheno_367-400,male_pdf_pheno_400-433,male_pdf_pheno_433-467,male_pdf_pheno_467-500,male_pdf_pheno_500-533,male_pdf_pheno_533-567,male_pdf_pheno_567-600,male_pdf_pheno_600-633,male_pdf_pheno_633-667,male_pdf_pheno_667-700,male_pdf_pheno_700-733,male_pdf_pheno_733-767,male_pdf_pheno_767-800,male_pdf_pheno_800-833,male_pdf_pheno_833-867,male_pdf_pheno_867-900,male_pdf_pheno_900-933,male_pdf_pheno_933-967,male_pdf_pheno_967-1000,female_m_pheno,female_sd_pheno,female_pdf_pheno_0-33,female_pdf_pheno_33-67,female_pdf_pheno_67-100,female_pdf_pheno_100-133,female_pdf_pheno_133-167,female_pdf_pheno_167-200,female_pdf_pheno_200-233,female_pdf_pheno_233-267,female_pdf_pheno_267-300,female_pdf_pheno_300-333,female_pdf_pheno_333-367,female_pdf_pheno_367-400,female_pdf_pheno_400-433,female_pdf_pheno_433-467,female_pdf_pheno_467-500,female_pdf_pheno_500-533,female_pdf_pheno_533-567,female_pdf_pheno_567-600,female_pdf_pheno_600-633,female_pdf_pheno_633-667,female_pdf_pheno_667-700,female_pdf_pheno_700-733,female_pdf_pheno_733-767,female_pdf_pheno_767-800,female_pdf_pheno_800-833,female_pdf_pheno_833-867,female_pdf_pheno_867-900,female_pdf_pheno_900-933,female_pdf_pheno_933-967,female_pdf_pheno_967-1000
100,568,288,0.5070422535211268,146,113,0.45598591549295775,157,0.5528169014084507,0.516,2.8142857142857145,2.9400819091741406,6.28,1.9769336525707348,6433.800311930416,12.076428148347066,6398.895166921616,6469.042468774319,6434.088804958472,11.71192891863512,6433.503576244416,12.43322301854645,27.758802816901408,20.813641415890874,33.07659574468085,18.946129821669555,0.1443661971830986,0.10035211267605634,0.09154929577464789,0.07570422535211267,0.08450704225352113,0.08274647887323944,0.08098591549295775,0.056338028169014086,0.058098591549295774,0.04929577464788732,0.04401408450704225,0.03873239436619718,0.02640845070422535,0.03169014084507042,0.01584507042253521,0.01232394366197183,0.007042253521126761,0.9490355878648623,0.03290691338438888,0.0,0.0,0.0,0.0,0.0,0.0,0.0,0.0,0.0,0.0,0.0,0.0,0.0,0.0,0.0,0.0,0.0,0.0,0.0,0.0,0.0,0.0,0.0,0.0,0.0,0.4753521126760564,1.9542253521126765,6.654929577464791,11.566901408450708,9.348591549295776,4.103825136612022,2.7797347461655906,nan,nan,nan,4.0864864864864865,2.7788936318947064,4.121546961325967,2.7804824562984725,1.0085796135519893,0.4001,0.00765,0.0,0.0,0.0,0.0,0.0,0.0,0.0,0.0,0.0,0.0,0.0,14.683098591549273,15.316901408450708,0.0,0.0,0.0,0.0,0.0,0.0,0.0,0.0,0.0,0.0,0.0,0.0,0.0,0.0,0.0,0.0,0.0,nan,nan,4.103825136612022,2.7797347461655906,nan,0.4001,0.0355,0.0,0.0,0.0,0.0,0.0,0.0,0.0,0.0,0.0,0.0,0.0,0.0,0.0,0.0,0.0,0.0,0.0,0.0,0.0,0.0,0.0,0.0,0.0,0.0,0.0,0.0,0.0,0.0,8.802816901408451e-05,0.0006161971830985916,0.0048415492957746475,0.00448943661971831,0.010299295774647887,0.015140845070422536,0.03371478873239436,0.04225352112676056,0.05440140845070422,0.0914612676056338,0.08265845070422535,0.11109154929577465,0.10924295774647887,0.11839788732394366,0.08811619718309859,0.07429577464788732,0.05369718309859155,0.04163732394366197,0.0323943661971831,0.0125,0.0125,0.00448943661971831,0.0013204225352112676,0.00035211267605633805,0.0,0.0,0.0,0.0,0.0,0.0,0.0,0.0,0.0,0.0,0.0,0.0,0.0,0.0,0.0,0.0,0.0,0.0,0.0,0.0,0.0,0.0,0.0,0.0,0.0,0.0,0.0,0.0,0.0,0.0,0.0,0.0,0.0,0.0,0.0,0.0,0.0,0.0,0.0,0.0,0.0,0.0,0.0,0.0,0.0,0.0,0.0,0.0,0.0,nan,nan,4.103825136612022,2.7797347461655906,nan,0.9502090095645852,0.031966295432881035,0.0,0.0,0.0,0.0,0.0,0.0,0.0,0.0,0.0,0.0,0.0,0.0,0.0,0.0,0.0,0.0,0.0,0.0,0.0,0.0,0.0,0.0,0.0,0.0,0.0,0.20833333333333337,1.7708333333333337,7.291666666666668,11.04166666666667,9.687500000000002,0.9478286398308617,0.03380467904189067,0.0,0.0,0.0,0.0,0.0,0.0,0.0,0.0,0.0,0.0,0.0,0.0,0.0,0.0,0.0,0.0,0.0,0.0,0.0,0.0,0.0,0.0,0.0,0.0,0.0,0.7500000000000002,2.1428571428571432,6.000000000000002,12.107142857142861,9.000000000000002,0.4,0.00749,0.0,0.0,0.0,0.0,0.0,0.0,0.0,0.0,0.0,0.0,0.0,14.999999999999979,15.000000000000004,0.0,0.0,0.0,0.0,0.0,0.0,0.0,0.0,0.0,0.0,0.0,0.0,0.0,0.0,0.0,0.0,0.0,0.4004,0.007786,0.0,0.0,0.0,0.0,0.0,0.0,0.0,0.0,0.0,0.0,0.0,14.357142857142836,15.642857142857146,0.0,0.0,0.0,0.0,0.0,0.0,0.0,0.0,0.0,0.0,0.0,0.0,0.0,0.0,0.0,0.0,0.0
200,483,264,0.546583850931677,109,95,0.422360248447205,130,0.5383022774327122,0.514,2.9726027397260273,3.1331455421513685,6.716666666666667,2.214284434203419,6432.410143617446,11.80514671061684,6392.398410248757,6473.132025408745,6432.209471311806,11.214255651652497,6432.652049958491,12.476029352595644,27.420289855072465,20.6775341005433,32.171990171990174,19.060872402048552,0.13664596273291926,0.11594202898550725,0.10559006211180125,0.07660455486542443,0.07660455486542443,0.057971014492753624,0.08488612836438923,0.039337474120082816,0.06832298136645963,0.06625258799171843,0.045548654244306416,0.039337474120082816,0.028985507246376812,0.026915113871635612,0.018633540372670808,0.010351966873706004,0.002070393374741201,0.9452692953942973,0.032010529233248236,0.0,0.0,0.0,0.0,0.0,0.0,0.0,0.0,0.0,0.0,0.0,0.0,0.0,0.0,0.0,0.0,0.0,0.0,0.0,0.0,0.0,0.0,0.0,0.0,0.06211180124223604,0.3105590062111802,1.8633540372670812,8.012422360248449,12.111801242236027,7.639751552795033,4.241610738255034,2.9563967882002347,nan,nan,nan,3.9084967320261437,2.879632050578919,4.593103448275862,2.9953908310398774,1.1751585745588744,0.4,0.00821,0.0,0.0,0.0,0.0,0.0,0.0,0.0,0.0,0.0,0.0,0.0,15.093167701863331,14.90683229813665,0.0,0.0,0.0,0.0,0.0,0.0,0.0,0.0,0.0,0.0,0.0,0.0,0.0,0.0,0.0,0.0,0.0,nan,nan,4.241610738255034,2.9563967882002347,nan,0.4,0.0369,0.0,0.0,0.0,0.0,0.0,0.0,0.0,0.0,0.0,0.0,0.0,0.0,0.0,0.0,0.0,0.0,0.0,0.0,0.0,0.0,0.0,0.0,0.0,0.0,0.0,0.0,0.0,0.0,0.0,0.00041407867494824016,0.002898550724637681,0.006107660455486543,0.012318840579710146,0.020186335403726708,0.03881987577639751,0.04730848861283644,0.0505175983436853,0.0932712215320911,0.07546583850931678,0.0979296066252588,0.1144927536231884,0.12132505175983437,0.0886128364389234,0.06687370600414079,0.045134575569358175,0.04358178053830228,0.034057971014492754,0.014699792960662527,0.014492753623188406,0.008695652173913044,0.002587991718426501,0.00020703933747412008,0.0,0.0,0.0,0.0,0.0,0.0,0.0,0.0,0.0,0.0,0.0,0.0,0.0,0.0,0.0,0.0,0.0,0.0,0.0,0.0,0.0,0.0,0.0,0.0,0.0,0.0,0.0,0.0,0.0,0.0,0.0,0.0,0.0,0.0,0.0,0.0,0.0,0.0,0.0,0.0,0.0,0.0,0.0,0.0,0.0,0.0,0.0,0.0,0.0,nan,nan,4.241610738255034,2.9563967882002347,nan,0.9449091955567851,0.031477321308800064,0.0,0.0,0.0,0.0,0.0,0.0,0.0,0.0,0.0,0.0,0.0,0.0,0.0,0.0,0.0,0.0,0.0,0.0,0.0,0.0,0.0,0.0,0.0,0.0,0.0,0.45454545454545464,1.8181818181818186,7.727272727272729,12.72727272727273,7.272727272727274,0.9457033883491063,0.03263644266703854,0.0,0.0,0.0,0.0,0.0,0.0,0.0,0.0,0.0,0.0,0.0,0.0,0.0,0.0,0.0,0.0,0.0,0.0,0.0,0.0,0.0,0.0,0.0,0.0,0.13698630136986303,0.13698630136986303,1.9178082191780828,8.356164383561646,11.369863013698632,8.082191780821919,0.4004,0.00838,0.0,0.0,0.0,0.0,0.0,0.0,0.0,0.0,0.0,0.0,0.0,14.659090909090889,15.340909090909093,0.0,0.0,0.0,0.0,0.0,0.0,0.0,0.0,0.0,0.0,0.0,0.0,0.0,0.0,0.0,0.0,0.0,0.3997,0.00798,0.0,0.0,0.0,0.0,0.0,0.0,0.0,0.0,0.0,0.0,0.0,15.61643835616436,14.38356164383562,0.0,0.0,0.0,0.0,0.0,0.0,0.0,0.0,0.0,0.0,0.0,0.0,0.0,0.0,0.0,0.0,0.0
300,424,218,0.5141509433962265,112,90,0.47641509433962265,123,0.5801886792452831,0.52,2.825242718446602,3.0223349311804255,6.957446808510638,1.8901474310223667,6432.43811322105,11.481498885614995,6391.904472666979,6460.776034998894,6432.114558198011,12.029468097906044,6432.78051610951,10.86107830773395,26.79009433962264,19.88162601049745,31.13573407202216,18.34558594403878,0.12735849056603774,0.1179245283018868,0.10141509433962265,0.0660377358490566,0.09433962264150944,0.09198113207547169,0.08254716981132075,0.0589622641509434,0.04481132075471698,0.054245283018867926,0.04716981132075472,0.030660377358490566,0.04481132075471698,0.014150943396226415,0.014150943396226415,0.0047169811320754715,0.0047169811320754715,0.9442427307367325,0.032413371603956416,0.0,0.0,0.0,0.0,0.0,0.0,0.0,0.0,0.0,0.0,0.0,0.0,0.0,0.0,0.0,0.0,0.0,0.0,0.0,0.0,0.0,0.0,0.0,0.0,0.07075471698113209,0.28301886792452835,2.264150943396227,8.207547169811322,11.674528301886795,7.500000000000002,4.065454545454545,2.8685262723577436,nan,nan,nan,4.204225352112676,2.9203962985810197,3.917293233082707,2.804521356993722,0.9317514892759537,0.4014,0.00868,0.0,0.0,0.0,0.0,0.0,0.0,0.0,0.0,0.0,0.0,0.0,12.877358490566019,17.122641509433965,0.0,0.0,0.0,0.0,0.0,0.0,0.0,0.0,0.0,0.0,0.0,0.0,0.0,0.0,0.0,0.0,0.0,nan,nan,4.065454545454545,2.8685262723577436,nan,0.4014,0.03842,0.0,0.0,0.0,0.0,0.0,0.0,0.0,0.0,0.0,0.0,0.0,0.0,0.0,0.0,0.0,0.0,0.0,0.0,0.0,0.0,0.0,0.0,0.0,0.0,0.0,0.0,0.0,0.0,0.0,0.0005896226415094339,0.009080188679245283,0.005070754716981132,0.0076650943396226415,0.023820754716981134,0.0392688679245283,0.042688679245283016,0.044575471698113205,0.08832547169811321,0.08278301886792452,0.09115566037735849,0.11202830188679246,0.11367924528301887,0.09433962264150944,0.05860849056603774,0.05165094339622642,0.04893867924528302,0.029599056603773585,0.02582547169811321,0.0125,0.014150943396226415,0.0036556603773584906,0.0,0.0,0.0,0.0,0.0,0.0,0.0,0.0,0.0,0.0,0.0,0.0,0.0,0.0,0.0,0.0,0.0,0.0,0.0,0.0,0.0,0.0,0.0,0.0,0.0,0.0,0.0,0.0,0.0,0.0,0.0,0.0,0.0,0.0,0.0,0.0,0.0,0.0,0.0,0.0,0.0,0.0,0.0,0.0,0.0,0.0,0.0,0.0,0.0,0.0,nan,nan,4.065454545454545,2.8685262723577436,nan,0.9437542155795141,0.03431569522397738,0.0,0.0,0.0,0.0,0.0,0.0,0.0,0.0,0.0,0.0,0.0,0.0,0.0,0.0,0.0,0.0,0.0,0.0,0.0,0.0,0.0,0.0,0.0,0.0,0.1376146788990826,0.4128440366972478,2.7522935779816518,7.568807339449544,11.422018348623855,7.706422018348626,0.9447597030875752,0.03026172483701141,0.0,0.0,0.0,0.0,0.0,0.0,0.0,0.0,0.0,0.0,0.0,0.0,0.0,0.0,0.0,0.0,0.0,0.0,0.0,0.0,0.0,0.0,0.0,0.0,0.0,0.1456310679611651,1.747572815533981,8.88349514563107,11.941747572815537,7.281553398058254,0.401,0.008896,0.0,0.0,0.0,0.0,0.0,0.0,0.0,0.0,0.0,0.0,0.0,13.073394495412826,16.92660550458716,0.0,0.0,0.0,0.0,0.0,0.0,0.0,0.0,0.0,0.0,0.0,0.0,0.0,0.0,0.0,0.0,0.0,0.4019,0.00842,0.0,0.0,0.0,0.0,0.0,0.0,0.0,0.0,0.0,0.0,0.0,12.66990291262134,17.330097087378647,0.0,0.0,0.0,0.0,0.0,0.0,0.0,0.0,0.0,0.0,0.0,0.0,0.0,0.0,0.0,0.0,0.0
400,351,162,0.46153846153846156,74,82,0.4444444444444444,90,0.5128205128205128,0.52,3.1005291005291005,3.0938494601317292,6.475409836065574,1.7889144741906546,6430.938581664986,10.876291186566396,6400.414951997996,6457.9480872631075,6430.177808867231,10.306611581427424,6431.59067263449,11.301147640874547,28.564102564102566,21.329614238607974,34.085910652920965,19.230278623132026,0.150997150997151,0.08831908831908832,0.08831908831908832,0.07122507122507123,0.07122507122507123,0.09116809116809117,0.09116809116809117,0.039886039886039885,0.06267806267806268,0.06552706552706553,0.04843304843304843,0.03133903133903134,0.03133903133903134,0.02849002849002849,0.002849002849002849,0.02564102564102564,0.011396011396011397,0.9395363660279842,0.031101409045711917,0.0,0.0,0.0,0.0,0.0,0.0,0.0,0.0,0.0,0.0,0.0,0.0,0.0,0.0,0.0,0.0,0.0,0.0,0.0,0.0,0.0,0.0,0.0,0.0,0.0,0.5128205128205129,2.9059829059829068,8.717948717948719,12.393162393162395,5.470085470085471,4.257510729613734,2.798335921987978,nan,nan,nan,4.3090909090909095,2.869100126727905,4.211382113821138,2.7326750124937518,0.9773249631230487,0.402,0.00948,0.0,0.0,0.0,0.0,0.0,0.0,0.0,0.0,0.0,0.0,0.08547008547008549,12.136752136752119,17.777777777777782,0.0,0.0,0.0,0.0,0.0,0.0,0.0,0.0,0.0,0.0,0.0,0.0,0.0,0.0,0.0,0.0,0.0,nan,nan,4.257510729613734,2.798335921987978,nan,0.402,0.03958,0.0,0.0,0.0,0.0,0.0,0.0,0.0,0.0,0.0,0.0,0.0,0.0,0.0,0.0,0.0,0.0,0.0,0.0,0.0,0.0,0.0,0.0,0.0,0.0,0.0,0.0,0.0,0.0,0.00014245014245014244,0.0011396011396011395,0.010541310541310541,0.007834757834757835,0.006837606837606838,0.024643874643874644,0.04131054131054131,0.03803418803418803,0.045584045584045586,0.0829059829059829,0.0829059829059829,0.08347578347578348,0.11068376068376068,0.11552706552706553,0.09658119658119659,0.052849002849002846,0.052564102564102565,0.052849002849002846,0.03148148148148148,0.028917378917378916,0.010683760683760684,0.018803418803418803,0.003703703703703704,0.0,0.0,0.0,0.0,0.0,0.0,0.0,0.0,0.0,0.0,0.0,0.0,0.0,0.0,0.0,0.0,0.0,0.0,0.0,0.0,0.0,0.0,0.0,0.0,0.0,0.0,0.0,0.0,0.0,0.0,0.0,0.0,0.0,0.0,0.0,0.0,0.0,0.0,0.0,0.0,0.0,0.0,0.0,0.0,0.0,0.0,0.0,0.0,0.0,0.0,nan,nan,4.257510729613734,2.798335921987978,nan,0.9380533544369686,0.029338380351897137,0.0,0.0,0.0,0.0,0.0,0.0,0.0,0.0,0.0,0.0,0.0,0.0,0.0,0.0,0.0,0.0,0.0,0.0,0.0,0.0,0.0,0.0,0.0,0.0,0.0,0.9259259259259262,1.666666666666667,10.370370370370374,12.962962962962965,4.074074074074074,0.9408075188202832,0.03248278503170866,0.0,0.0,0.0,0.0,0.0,0.0,0.0,0.0,0.0,0.0,0.0,0.0,0.0,0.0,0.0,0.0,0.0,0.0,0.0,0.0,0.0,0.0,0.0,0.0,0.0,0.15873015873015878,3.968253968253969,7.301587301587303,11.904761904761907,6.666666666666668,0.4014,0.009575,0.0,0.0,0.0,0.0,0.0,0.0,0.0,0.0,0.0,0.0,0.0,14.629629629629607,15.370370370370374,0.0,0.0,0.0,0.0,0.0,0.0,0.0,0.0,0.0,0.0,0.0,0.0,0.0,0.0,0.0,0.0,0.0,0.4028,0.00935,0.0,0.0,0.0,0.0,0.0,0.0,0.0,0.0,0.0,0.0,0.15873015873015878,9.999999999999986,19.841269841269845,0.0,0.0,0.0,0.0,0.0,0.0,0.0,0.0,0.0,0.0,0.0,0.0,0.0,0.0,0.0,0.0,0.0
500,273,147,0.5384615384615384,64,54,0.43223443223443225,73,0.5347985347985348,0.52,3.1746031746031744,3.1195221578509837,6.771428571428571,1.8061120719176125,6428.668293414515,12.203740393383972,6379.602824705839,6462.189453947544,6428.585655612038,12.673057863616991,6428.764704184073,11.631554009766248,27.60805860805861,21.108915383913256,33.62443438914027,18.965058136213255,0.1684981684981685,0.07692307692307693,0.07692307692307693,0.09157509157509157,0.11355311355311355,0.06593406593406594,0.06593406593406594,0.054945054945054944,0.047619047619047616,0.047619047619047616,0.04395604395604396,0.05128205128205128,0.047619047619047616,0.007326007326007326,0.018315018315018316,0.02197802197802198,0.0,0.9331081483390306,0.03496521740697232,0.0,0.0,0.0,0.0,0.0,0.0,0.0,0.0,0.0,0.0,0.0,0.0,0.0,0.0,0.0,0.0,0.0,0.0,0.0,0.0,0.0,0.0,0.0,0.2197802197802191,0.21978021978021983,0.5494505494505496,3.0769230769230775,10.109890109890111,11.20879120879121,4.615384615384616,4.160919540229885,2.8340035578559206,nan,nan,nan,4.305882352941176,3.017687191568929,4.068181818181818,2.618966896183643,0.9447963238946846,0.4016,0.008286,0.0,0.0,0.0,0.0,0.0,0.0,0.0,0.0,0.0,0.0,0.0,12.52747252747251,17.472527472527474,0.0,0.0,0.0,0.0,0.0,0.0,0.0,0.0,0.0,0.0,0.0,0.0,0.0,0.0,0.0,0.0,0.0,nan,nan,4.160919540229885,2.8340035578559206,nan,0.4016,0.04025,0.0,0.0,0.0,0.0,0.0,0.0,0.0,0.0,0.0,0.0,0.0,0.0,0.0,0.0,0.0,0.0,0.0,0.0,0.0,0.0,0.0,0.0,0.0,0.0,0.0,0.0,0.0,0.0,0.0,0.001282051282051282,0.007875457875457875,0.015018315018315019,0.017216117216117217,0.019230769230769232,0.040293040293040296,0.038644688644688646,0.051831501831501835,0.073992673992674,0.07142857142857142,0.07307692307692308,0.12930402930402932,0.11282051282051282,0.09304029304029304,0.045787545787545784,0.0652014652014652,0.0543956043956044,0.033516483516483515,0.028021978021978023,0.002564102564102564,0.021245421245421246,0.00402930402930403,0.0,0.0,0.0,0.00018315018315018315,0.0,0.0,0.0,0.0,0.0,0.0,0.0,0.0,0.0,0.0,0.0,0.0,0.0,0.0,0.0,0.0,0.0,0.0,0.0,0.0,0.0,0.0,0.0,0.0,0.0,0.0,0.0,0.0,0.0,0.0,0.0,0.0,0.0,0.0,0.0,0.0,0.0,0.0,0.0,0.0,0.0,0.0,0.0,0.0,0.0,0.0,nan,nan,4.160919540229885,2.8340035578559206,nan,0.933824381860746,0.03654746582917769,0.0,0.0,0.0,0.0,0.0,0.0,0.0,0.0,0.0,0.0,0.0,0.0,0.0,0.0,0.0,0.0,0.0,0.0,0.0,0.0,0.0,0.0,0.0,0.2040816326530606,0.40816326530612257,0.40816326530612257,3.2653061224489806,9.79591836734694,11.020408163265309,4.89795918367347,0.9322725425636957,0.03300394522654451,0.0,0.0,0.0,0.0,0.0,0.0,0.0,0.0,0.0,0.0,0.0,0.0,0.0,0.0,0.0,0.0,0.0,0.0,0.0,0.0,0.0,0.0,0.0,0.23809523809523736,0.0,0.7142857142857144,2.8571428571428577,10.476190476190478,11.42857142857143,4.2857142857142865,0.4006,0.00827,0.0,0.0,0.0,0.0,0.0,0.0,0.0,0.0,0.0,0.0,0.0,14.693877551020387,15.306122448979595,0.0,0.0,0.0,0.0,0.0,0.0,0.0,0.0,0.0,0.0,0.0,0.0,0.0,0.0,0.0,0.0,0.0,0.4026,0.00817,0.0,0.0,0.0,0.0,0.0,0.0,0.0,0.0,0.0,0.0,0.0,9.999999999999986,20.000000000000004,0.0,0.0,0.0,0.0,0.0,0.0,0.0,0.0,0.0,0.0,0.0,0.0,0.0,0.0,0.0,0.0,0.0
600,197,102,0.5177664974619289,46,44,0.45685279187817257,59,0.5989847715736041,0.516,2.6736842105263157,2.9323678424500055,6.916666666666667,1.681186750152668,6430.422271925668,11.504168900694003,6405.908335405588,6467.235612082482,6430.139819502601,11.728436899133875,6430.725536632543,11.250512242026042,26.86294416243655,20.14103817441085,32.13496932515337,18.130919710233574,0.16243654822335024,0.08121827411167512,0.09137055837563451,0.08629441624365482,0.06598984771573604,0.10152284263959391,0.09137055837563451,0.050761421319796954,0.05583756345177665,0.06091370558375635,0.030456852791878174,0.04568527918781726,0.025380710659898477,0.025380710659898477,0.01015228426395939,0.01015228426395939,0.005076142131979695,0.936801982410063,0.03159900397884082,0.0,0.0,0.0,0.0,0.0,0.0,0.0,0.0,0.0,0.0,0.0,0.0,0.0,0.0,0.0,0.0,0.0,0.0,0.0,0.0,0.0,0.0,0.0,0.0,0.0,0.0,3.3502538071065997,11.116751269035536,9.746192893401018,5.786802030456854,4.0852713178294575,2.7731576264179933,nan,nan,nan,4.09375,2.9086011994599743,4.125,2.625,1.0076335877862594,0.4026,0.008,0.0,0.0,0.0,0.0,0.0,0.0,0.0,0.0,0.0,0.0,0.0,10.964467005076125,19.035532994923862,0.0,0.0,0.0,0.0,0.0,0.0,0.0,0.0,0.0,0.0,0.0,0.0,0.0,0.0,0.0,0.0,0.0,nan,nan,4.0852713178294575,2.7731576264179933,nan,0.4026,0.04034,0.0,0.0,0.0,0.0,0.0,0.0,0.0,0.0,0.0,0.0,0.0,0.0,0.0,0.0,0.0,0.0,0.0,0.0,0.0,0.0,0.0,0.0,0.0,0.0,0.0,0.0,0.0,0.0,0.0,0.003299492385786802,0.008629441624365483,0.012436548223350254,0.02030456852791878,0.013705583756345178,0.03197969543147208,0.04010152284263959,0.049746192893401014,0.07055837563451776,0.07487309644670051,0.08375634517766498,0.11928934010152284,0.12055837563451777,0.08223350253807106,0.051269035532994923,0.07791878172588833,0.04289340101522843,0.03654822335025381,0.024111675126903553,0.005076142131979695,0.024619289340101522,0.006091370558375634,0.0,0.0,0.0,0.0,0.0,0.0,0.0,0.0,0.0,0.0,0.0,0.0,0.0,0.0,0.0,0.0,0.0,0.0,0.0,0.0,0.0,0.0,0.0,0.0,0.0,0.0,0.0,0.0,0.0,0.0,0.0,0.0,0.0,0.0,0.0,0.0,0.0,0.0,0.0,0.0,0.0,0.0,0.0,0.0,0.0,0.0,0.0,0.0,0.0,0.0,nan,nan,4.0852713178294575,2.7731576264179933,nan,0.9365685628909691,0.031768155769270535,0.0,0.0,0.0,0.0,0.0,0.0,0.0,0.0,0.0,0.0,0.0,0.0,0.0,0.0,0.0,0.0,0.0,0.0,0.0,0.0,0.0,0.0,0.0,0.0,0.0,0.0,3.5294117647058827,10.294117647058826,10.882352941176473,5.294117647058824,0.9370526012621427,0.03141444378243539,0.0,0.0,0.0,0.0,0.0,0.0,0.0,0.0,0.0,0.0,0.0,0.0,0.0,0.0,0.0,0.0,0.0,0.0,0.0,0.0,0.0,0.0,0.0,0.0,0.0,0.0,3.1578947368421058,12.000000000000002,8.526315789473687,6.3157894736842115,0.402,0.008736,0.0,0.0,0.0,0.0,0.0,0.0,0.0,0.0,0.0,0.0,0.0,12.352941176470571,17.647058823529417,0.0,0.0,0.0,0.0,0.0,0.0,0.0,0.0,0.0,0.0,0.0,0.0,0.0,0.0,0.0,0.0,0.0,0.4033,0.007088,0.0,0.0,0.0,0.0,0.0,0.0,0.0,0.0,0.0,0.0,0.0,9.473684210526303,20.52631578947369,0.0,0.0,0.0,0.0,0.0,0.0,0.0,0.0,0.0,0.0,0.0,0.0,0.0,0.0,0.0,0.0,0.0
700,189,97,0.5132275132275133,45,36,0.42857142857142855,53,0.5608465608465608,0.52,3.010869565217391,3.080424043428858,6.607142857142857,2.0931740374418,6431.637671840635,10.444235862225238,6393.576662349701,6460.005846726895,6430.794663024995,10.579884802289886,6432.526496352777,10.224278585853618,29.433862433862434,21.373278980862388,34.41875,19.416961617037305,0.12698412698412698,0.07936507936507936,0.1111111111111111,0.09523809523809523,0.07407407407407407,0.047619047619047616,0.06878306878306878,0.07407407407407407,0.05291005291005291,0.06878306878306878,0.047619047619047616,0.042328042328042326,0.026455026455026454,0.05291005291005291,0.021164021164021163,0.010582010582010581,0.0,0.9411933787916072,0.029050233546996138,0.0,0.0,0.0,0.0,0.0,0.0,0.0,0.0,0.0,0.0,0.0,0.0,0.0,0.0,0.0,0.0,0.0,0.0,0.0,0.0,0.0,0.0,0.0,0.0,0.15873015873015878,0.31746031746031755,1.4285714285714288,9.04761904761905,13.174603174603178,5.873015873015874,4.528925619834711,2.709256798353797,nan,nan,nan,4.288135593220339,2.864456924643815,4.737704918032787,2.547268799941644,1.1048402773278039,0.402,0.00938,0.0,0.0,0.0,0.0,0.0,0.0,0.0,0.0,0.0,0.0,0.0,10.634920634920618,19.36507936507937,0.0,0.0,0.0,0.0,0.0,0.0,0.0,0.0,0.0,0.0,0.0,0.0,0.0,0.0,0.0,0.0,0.0,nan,nan,4.528925619834711,2.709256798353797,nan,0.402,0.04147,0.0,0.0,0.0,0.0,0.0,0.0,0.0,0.0,0.0,0.0,0.0,0.0,0.0,0.0,0.0,0.0,0.0,0.0,0.0,0.0,0.0,0.0,0.0,0.0,0.0,0.0,0.0,0.0,0.0,0.0021164021164021165,0.011111111111111112,0.011111111111111112,0.026455026455026454,0.006084656084656085,0.027248677248677248,0.05582010582010582,0.05317460317460317,0.07222222222222222,0.08571428571428572,0.0835978835978836,0.11825396825396825,0.10052910052910052,0.07566137566137567,0.051587301587301584,0.06772486772486773,0.039947089947089946,0.0380952380952381,0.03492063492063492,0.002380952380952381,0.024074074074074074,0.01216931216931217,0.0,0.0,0.0,0.0,0.0,0.0,0.0,0.0,0.0,0.0,0.0,0.0,0.0,0.0,0.0,0.0,0.0,0.0,0.0,0.0,0.0,0.0,0.0,0.0,0.0,0.0,0.0,0.0,0.0,0.0,0.0,0.0,0.0,0.0,0.0,0.0,0.0,0.0,0.0,0.0,0.0,0.0,0.0,0.0,0.0,0.0,0.0,0.0,0.0,0.0,nan,nan,4.528925619834711,2.709256798353797,nan,0.9381194268305277,0.029575094928019227,0.0,0.0,0.0,0.0,0.0,0.0,0.0,0.0,0.0,0.0,0.0,0.0,0.0,0.0,0.0,0.0,0.0,0.0,0.0,0.0,0.0,0.0,0.0,0.0,0.309278350515464,0.309278350515464,1.5463917525773199,10.206185567010312,12.680412371134024,4.948453608247424,0.9444343933592672,0.02812484147261727,0.0,0.0,0.0,0.0,0.0,0.0,0.0,0.0,0.0,0.0,0.0,0.0,0.0,0.0,0.0,0.0,0.0,0.0,0.0,0.0,0.0,0.0,0.0,0.0,0.0,0.3260869565217392,1.3043478260869568,7.82608695652174,13.695652173913047,6.847826086956523,0.4028,0.00897,0.0,0.0,0.0,0.0,0.0,0.0,0.0,0.0,0.0,0.0,0.0,9.896907216494832,20.103092783505158,0.0,0.0,0.0,0.0,0.0,0.0,0.0,0.0,0.0,0.0,0.0,0.0,0.0,0.0,0.0,0.0,0.0,0.4016,0.00975,0.0,0.0,0.0,0.0,0.0,0.0,0.0,0.0,0.0,0.0,0.0,11.413043478260851,18.586956521739136,0.0,0.0,0.0,0.0,0.0,0.0,0.0,0.0,0.0,0.0,0.0,0.0,0.0,0.0,0.0,0.0,0.0
800,100,50,0.5,18,22,0.4,25,0.5,0.52,2.68,2.845628225893186,5.157894736842105,2.600873494864387,6429.793158160153,11.50994390847351,6401.769232410193,6466.918673920632,6430.189366337657,12.71816580548645,6429.3969499826435,10.143565165005919,31.25,22.826026811514964,36.654761904761905,20.905395776266907,0.12,0.11,0.08,0.09,0.05,0.06,0.05,0.09,0.05,0.06,0.06,0.01,0.04,0.06,0.05,0.02,0.0,0.9378125613927841,0.031158596104114835,0.0,0.0,0.0,0.0,0.0,0.0,0.0,0.0,0.0,0.0,0.0,0.0,0.0,0.0,0.0,0.0,0.0,0.0,0.0,0.0,0.0,0.0,0.0,0.0,0.0,0.30000000000000004,3.6000000000000005,9.900000000000002,10.500000000000002,5.700000000000001,3.9545454545454546,2.867962100790429,nan,nan,nan,3.8285714285714287,2.9128848173560993,4.096774193548387,2.8096014952150545,1.0700529610014444,0.3997,0.008316,0.0,0.0,0.0,0.0,0.0,0.0,0.0,0.0,0.0,0.0,0.0,14.399999999999979,15.600000000000005,0.0,0.0,0.0,0.0,0.0,0.0,0.0,0.0,0.0,0.0,0.0,0.0,0.0,0.0,0.0,0.0,0.0,nan,nan,3.9545454545454546,2.867962100790429,nan,0.3997,0.04236,0.0,0.0,0.0,0.0,0.0,0.0,0.0,0.0,0.0,0.0,0.0,0.0,0.0,0.0,0.0,0.0,0.0,0.0,0.0,0.0,0.0,0.0,0.0,0.0,0.0,0.0,0.0,0.0,0.0,0.001,0.0155,0.016,0.0275,0.009,0.026,0.0775,0.0515,0.0555,0.0745,0.108,0.1055,0.102,0.0655,0.053,0.0735,0.041,0.03,0.0315,0.004,0.0165,0.0155,0.0,0.0,0.0,0.0,0.0,0.0,0.0,0.0,0.0,0.0,0.0,0.0,0.0,0.0,0.0,0.0,0.0,0.0,0.0,0.0,0.0,0.0,0.0,0.0,0.0,0.0,0.0,0.0,0.0,0.0,0.0,0.0,0.0,0.0,0.0,0.0,0.0,0.0,0.0,0.0,0.0,0.0,0.0,0.0,0.0,0.0,0.0,0.0,0.0,0.0,nan,nan,3.9545454545454546,2.867962100790429,nan,0.9404152667522431,0.03247570621815149,0.0,0.0,0.0,0.0,0.0,0.0,0.0,0.0,0.0,0.0,0.0,0.0,0.0,0.0,0.0,0.0,0.0,0.0,0.0,0.0,0.0,0.0,0.0,0.0,0.0,0.6000000000000001,2.4000000000000004,11.400000000000002,8.400000000000002,7.200000000000001,0.9352098560333252,0.029554975513688467,0.0,0.0,0.0,0.0,0.0,0.0,0.0,0.0,0.0,0.0,0.0,0.0,0.0,0.0,0.0,0.0,0.0,0.0,0.0,0.0,0.0,0.0,0.0,0.0,0.0,0.0,4.800000000000001,8.400000000000002,12.600000000000001,4.200000000000001,0.3975,0.00899,0.0,0.0,0.0,0.0,0.0,0.0,0.0,0.0,0.0,0.0,0.0,17.999999999999975,12.000000000000002,0.0,0.0,0.0,0.0,0.0,0.0,0.0,0.0,0.0,0.0,0.0,0.0,0.0,0.0,0.0,0.0,0.0,0.4019,0.00692,0.0,0.0,0.0,0.0,0.0,0.0,0.0,0.0,0.0,0.0,0.0,10.799999999999985,19.200000000000003,0.0,0.0,0.0,0.0,0.0,0.0,0.0,0.0,0.0,0.0,0.0,0.0,0.0,0.0,0.0,0.0,0.0
900,45,29,0.6444444444444445,10,10,0.4444444444444444,12,0.5333333333333333,0.514,2.875,2.9764702249476644,7.666666666666667,2.0548046676563256,6434.8001771582485,12.056616848759434,6401.394800651074,6454.541358757019,6432.745201098917,11.966125017546869,6438.524821265787,11.303765139866092,25.666666666666668,18.534052743831047,29.128205128205128,17.49605008489937,0.1111111111111111,0.15555555555555556,0.1111111111111111,0.08888888888888889,0.06666666666666667,0.06666666666666667,0.08888888888888889,0.06666666666666667,0.06666666666666667,0.044444444444444446,0.044444444444444446,0.022222222222222223,0.044444444444444446,0.022222222222222223,0.0,0.0,0.0,0.9575093295839098,0.03277720849087042,0.0,0.0,0.0,0.0,0.0,0.0,0.0,0.0,0.0,0.0,0.0,0.0,0.0,0.0,0.0,0.0,0.0,0.0,0.0,0.0,0.0,0.0,0.0,0.0,0.0,0.6666666666666669,0.0,6.000000000000001,10.66666666666667,12.66666666666667,4.0,3.1622776601683795,nan,nan,nan,4.3076923076923075,3.4947128281847837,3.7142857142857144,2.7884601851347335,0.8622448979591838,0.3943,0.008804,0.0,0.0,0.0,0.0,0.0,0.0,0.0,0.0,0.0,0.0,0.0,21.999999999999968,8.000000000000002,0.0,0.0,0.0,0.0,0.0,0.0,0.0,0.0,0.0,0.0,0.0,0.0,0.0,0.0,0.0,0.0,0.0,nan,nan,4.0,3.1622776601683795,nan,0.3943,0.04153,0.0,0.0,0.0,0.0,0.0,0.0,0.0,0.0,0.0,0.0,0.0,0.0,0.0,0.0,0.0,0.0,0.0,0.0,0.0,0.0,0.0,0.0,0.0,0.0,0.0,0.0,0.0,0.0,0.0,0.0077777777777777776,0.025555555555555557,0.0044444444444444444,0.03777777777777778,0.01,0.014444444444444444,0.08666666666666667,0.05555555555555555,0.07777777777777778,0.09888888888888889,0.1288888888888889,0.0811111111111111,0.07111111111111111,0.04111111111111111,0.06111111111111111,0.09333333333333334,0.028888888888888888,0.03777777777777778,0.023333333333333334,0.0011111111111111111,0.01,0.0033333333333333335,0.0,0.0,0.0,0.0,0.0,0.0,0.0,0.0,0.0,0.0,0.0,0.0,0.0,0.0,0.0,0.0,0.0,0.0,0.0,0.0,0.0,0.0,0.0,0.0,0.0,0.0,0.0,0.0,0.0,0.0,0.0,0.0,0.0,0.0,0.0,0.0,0.0,0.0,0.0,0.0,0.0,0.0,0.0,0.0,0.0,0.0,0.0,0.0,0.0,0.0,nan,nan,4.0,3.1622776601683795,nan,0.9526754782117647,0.03386084985092537,0.0,0.0,0.0,0.0,0.0,0.0,0.0,0.0,0.0,0.0,0.0,0.0,0.0,0.0,0.0,0.0,0.0,0.0,0.0,0.0,0.0,0.0,0.0,0.0,0.0,1.03448275862069,0.0,7.241379310344829,11.379310344827589,10.344827586206899,0.9662706851959229,0.028711481072620226,0.0,0.0,0.0,0.0,0.0,0.0,0.0,0.0,0.0,0.0,0.0,0.0,0.0,0.0,0.0,0.0,0.0,0.0,0.0,0.0,0.0,0.0,0.0,0.0,0.0,0.0,0.0,3.750000000000001,9.375000000000002,16.875000000000004,0.394,0.00786,0.0,0.0,0.0,0.0,0.0,0.0,0.0,0.0,0.0,0.0,0.0,22.758620689655142,7.241379310344829,0.0,0.0,0.0,0.0,0.0,0.0,0.0,0.0,0.0,0.0,0.0,0.0,0.0,0.0,0.0,0.0,0.0,0.395,0.01027,0.0,0.0,0.0,0.0,0.0,0.0,0.0,0.0,0.0,0.0,0.0,20.62499999999997,9.375000000000002,0.0,0.0,0.0,0.0,0.0,0.0,0.0,0.0,0.0,0.0,0.0,0.0,0.0,0.0,0.0,0.0,0.0
1000,29,10,0.3448275862068966,5,9,0.4827586206896552,7,0.4827586206896552,0.52,2.1578947368421053,2.580558036238161,5.25,2.5860201081971503,6432.687667864559,10.540436795207878,6410.933386790753,6456.281585502625,6433.769861462713,7.03576550198997,6432.118092286587,11.940704653696121,31.655172413793103,24.3115920443087,36.44,22.787856415205006,0.13793103448275862,0.06896551724137931,0.10344827586206896,0.034482758620689655,0.13793103448275862,0.034482758620689655,0.06896551724137931,0.13793103448275862,0.06896551724137931,0.0,0.0,0.0,0.034482758620689655,0.06896551724137931,0.034482758620689655,0.034482758620689655,0.034482758620689655,0.953840644195162,0.026960968996928174,0.0,0.0,0.0,0.0,0.0,0.0,0.0,0.0,0.0,0.0,0.0,0.0,0.0,0.0,0.0,0.0,0.0,0.0,0.0,0.0,0.0,0.0,0.0,0.0,0.0,0.0,1.03448275862069,6.206896551724139,13.44827586206897,9.310344827586208,3.7,2.6476404589747453,nan,nan,nan,3.6363636363636362,2.8690425160108184,3.7777777777777777,2.3465235646603197,1.038888888888889,0.3923,0.010056,0.0,0.0,0.0,0.0,0.0,0.0,0.0,0.0,0.0,0.0,0.0,21.724137931034452,8.27586206896552,0.0,0.0,0.0,0.0,0.0,0.0,0.0,0.0,0.0,0.0,0.0,0.0,0.0,0.0,0.0,0.0,0.0,nan,nan,3.7,2.6476404589747453,nan,0.3923,0.0434,0.0,0.0,0.0,0.0,0.0,0.0,0.0,0.0,0.0,0.0,0.0,0.0,0.0,0.0,0.0,0.0,0.0,0.0,0.0,0.0,0.0,0.0,0.0,0.0,0.0,0.0,0.0,0.0,0.0,0.005172413793103448,0.02586206896551724,0.0,0.05862068965517241,0.015517241379310345,0.015517241379310345,0.0706896551724138,0.08448275862068966,0.11551724137931034,0.0706896551724138,0.12758620689655173,0.04827586206896552,0.05,0.05172413793103448,0.07413793103448275,0.0896551724137931,0.01206896551724138,0.01896551724137931,0.04482758620689655,0.0,0.013793103448275862,0.006896551724137931,0.0,0.0,0.0,0.0,0.0,0.0,0.0,0.0,0.0,0.0,0.0,0.0,0.0,0.0,0.0,0.0,0.0,0.0,0.0,0.0,0.0,0.0,0.0,0.0,0.0,0.0,0.0,0.0,0.0,0.0,0.0,0.0,0.0,0.0,0.0,0.0,0.0,0.0,0.0,0.0,0.0,0.0,0.0,0.0,0.0,0.0,0.0,0.0,0.0,0.0,nan,nan,3.7,2.6476404589747453,nan,0.9554366648197175,0.01805103245457438,0.0,0.0,0.0,0.0,0.0,0.0,0.0,0.0,0.0,0.0,0.0,0.0,0.0,0.0,0.0,0.0,0.0,0.0,0.0,0.0,0.0,0.0,0.0,0.0,0.0,0.0,0.0,3.000000000000001,18.000000000000004,9.000000000000002,0.9530006333401329,0.03059295097408323,0.0,0.0,0.0,0.0,0.0,0.0,0.0,0.0,0.0,0.0,0.0,0.0,0.0,0.0,0.0,0.0,0.0,0.0,0.0,0.0,0.0,0.0,0.0,0.0,0.0,0.0,1.578947368421053,7.894736842105265,11.052631578947372,9.473684210526317,0.3948,0.00909,0.0,0.0,0.0,0.0,0.0,0.0,0.0,0.0,0.0,0.0,0.0,17.999999999999975,12.000000000000004,0.0,0.0,0.0,0.0,0.0,0.0,0.0,0.0,0.0,0.0,0.0,0.0,0.0,0.0,0.0,0.0,0.0,0.3909,0.01028,0.0,0.0,0.0,0.0,0.0,0.0,0.0,0.0,0.0,0.0,0.0,23.684210526315756,6.315789473684212,0.0,0.0,0.0,0.0,0.0,0.0,0.0,0.0,0.0,0.0,0.0,0.0,0.0,0.0,0.0,0.0,0.0
1100,3,3,1.0,1,0,0.3333333333333333,0,0.0,0.52,nan,nan,nan,nan,6422.939242976904,10.038512205258021,6412.5245186269285,6436.501707094908,6422.939242976904,10.038512205258021,nan,nan,54.666666666666664,1.699673171197595,54.666666666666664,1.699673171197595,0.0,0.0,0.0,0.0,0.0,0.0,0.0,0.0,0.0,0.0,0.6666666666666666,0.3333333333333333,0.0,0.0,0.0,0.0,0.0,0.9182165662447611,0.028130258632378505,0.0,0.0,0.0,0.0,0.0,0.0,0.0,0.0,0.0,0.0,0.0,0.0,0.0,0.0,0.0,0.0,0.0,0.0,0.0,0.0,0.0,0.0,0.0,0.0,0.0,0.0,10.000000000000002,10.000000000000002,10.000000000000002,0.0,0.3333333333333333,0.4714045207910317,nan,nan,nan,0.0,0.0,0.0,0.0,nan,0.3994,0.003365,0.0,0.0,0.0,0.0,0.0,0.0,0.0,0.0,0.0,0.0,0.0,9.999999999999986,20.000000000000004,0.0,0.0,0.0,0.0,0.0,0.0,0.0,0.0,0.0,0.0,0.0,0.0,0.0,0.0,0.0,0.0,0.0,nan,nan,0.3333333333333333,0.4714045207910317,nan,0.3992,0.0387,0.0,0.0,0.0,0.0,0.0,0.0,0.0,0.0,0.0,0.0,0.0,0.0,0.0,0.0,0.0,0.0,0.0,0.0,0.0,0.0,0.0,0.0,0.0,0.0,0.0,0.0,0.0,0.0,0.0,0.0,0.0,0.0,0.05,0.016666666666666666,0.0,0.016666666666666666,0.1,0.16666666666666666,0.06666666666666667,0.08333333333333333,0.06666666666666667,0.08333333333333333,0.06666666666666667,0.06666666666666667,0.11666666666666667,0.0,0.0,0.1,0.0,0.0,0.0,0.0,0.0,0.0,0.0,0.0,0.0,0.0,0.0,0.0,0.0,0.0,0.0,0.0,0.0,0.0,0.0,0.0,0.0,0.0,0.0,0.0,0.0,0.0,0.0,0.0,0.0,0.0,0.0,0.0,0.0,0.0,0.0,0.0,0.0,0.0,0.0,0.0,0.0,0.0,0.0,0.0,0.0,0.0,0.0,0.0,0.0,0.0,0.0,0.0,0.0,nan,nan,0.3333333333333333,0.4714045207910317,nan,0.9182165662447611,0.028130258632378505,0.0,0.0,0.0,0.0,0.0,0.0,0.0,0.0,0.0,0.0,0.0,0.0,0.0,0.0,0.0,0.0,0.0,0.0,0.0,0.0,0.0,0.0,0.0,0.0,0.0,0.0,10.000000000000002,10.000000000000002,10.000000000000002,0.0,nan,nan,nan,nan,nan,nan,nan,nan,nan,nan,nan,nan,nan,nan,nan,nan,nan,nan,nan,nan,nan,nan,nan,nan,nan,nan,nan,nan,nan,nan,nan,nan,0.3994,0.003365,0.0,0.0,0.0,0.0,0.0,0.0,0.0,0.0,0.0,0.0,0.0,9.999999999999986,20.000000000000004,0.0,0.0,0.0,0.0,0.0,0.0,0.0,0.0,0.0,0.0,0.0,0.0,0.0,0.0,0.0,0.0,0.0,nan,nan,nan,nan,nan,nan,nan,nan,nan,nan,nan,nan,nan,nan,nan,nan,nan,nan,nan,nan,nan,nan,nan,nan,nan,nan,nan,nan,nan,nan,nan,nan